접수일자,발생지점,접수구분,데이터기준일
2022-02-03,고척동102-2,도로파손,2023-05-31
2022-02-03,경인로319대림프라자,도로파손,2023-05-31
2022-02-03,구로중앙로210,도로파손,2023-05-31
2022-02-03,경인로59길36,도로파손,2023-05-31
2022-02-03,경인로59길36,도로파손,2023-05-31
2022-02-03,경인로650,도로파손,2023-05-31
2022-02-03,경인로121,도로파손,2023-05-31
2022-02-03,고척로21길20-2,도로파손,2023-05-31
2022-02-03,고척로27길93,도로파손,2023-05-31
2022-02-03,서부샛길822,도로파손,2023-05-31
2022-02-03,개봉로20길78,도로파손,2023-05-31
2022-02-03,부일로9길57,도로파손,2023-05-31
2022-02-03,고척로21나길18-21,도로파손,2023-05-31
2022-02-03,개봉중~작은굴다리,도로파손,2023-05-31
2022-02-04,고척동688-11,도로파손,2023-05-31
2022-02-04,신도림로51,도로파손,2023-05-31
2022-02-07,고척동52-332,도로파손,2023-05-31
2022-02-07,구로동로20길51,도로파손,2023-05-31
2022-02-07,경서로3길4,도로파손,2023-05-31
2022-02-07,경서로67길23,도로파손,2023-05-31
2022-02-07,개봉로17아길41-10,도로파손,2023-05-31
2022-02-07,경인로27길20-17,도로파손,2023-05-31
2022-02-07,고척동195-13,도로파손,2023-05-31
2022-02-09,구로중앙로34길52,도로파손,2023-05-31
2022-02-09,고척동83-6,도로파손,2023-05-31
2022-02-09,신도림로15길21-19,도로파손,2023-05-31
2022-02-09,구로동로5길23-1,도로파손,2023-05-31
2022-02-10,고척동195-13,도로파손,2023-05-31
2022-02-10,고척동182-23,도로파손,2023-05-31
2022-02-10,가리봉동115-124,도로파손,2023-05-31
2022-02-10,신도림동291-143,도로파손,2023-05-31
2022-02-10,가마산로19길10,도로파손,2023-05-31
2022-02-10,고척로4길15-67,도로파손,2023-05-31
2022-02-11,개봉동345-20,도로파손,2023-05-31
2022-02-11,고척동195-13,도로파손,2023-05-31
2022-02-11,신도림동259-7,도로파손,2023-05-31
2022-02-11,새말로117-23,도로파손,2023-05-31
2022-02-11,경인로67길23,도로파손,2023-05-31
2022-02-11,구로동1-4,도로파손,2023-05-31
2022-02-11,디지털로26길87,도로파손,2023-05-31
2022-02-11,디지털로32가길76-29,도로파손,2023-05-31
2022-02-11,고척동323,도로파손,2023-05-31
2022-02-11,고척동259-2,도로파손,2023-05-31
2022-02-11,고척동118-3,도로파손,2023-05-31
2022-02-14,신도림동286-21,도로파손,2023-05-31
2022-02-14,구로환승역,도로파손,2023-05-31
2022-02-14,경인로67길23,도로파손,2023-05-31
2022-02-14,경인로661,도로파손,2023-05-31
2022-02-14,새말로16길70,도로파손,2023-05-31
2022-02-14,영등포구대림동629-12,도로파손,2023-05-31
2022-02-14,고척로123-1,도로파손,2023-05-31
2022-02-14,구로동로7길83,도로파손,2023-05-31
2022-02-15,구로동로38길46,도로파손,2023-05-31
2022-02-15,개봉동59-9,도로파손,2023-05-31
2022-02-15,고척동261-69,도로파손,2023-05-31
2022-02-15,구일로130,도로파손,2023-05-31
2022-02-15,경인로25길16,도로파손,2023-05-31
2022-02-15,경인로20가길5,도로파손,2023-05-31
2022-02-16,새말로117-6,도로파손,2023-05-31
2022-02-16,고척로222,도로파손,2023-05-31
2022-02-16,고척로18가길21,도로파손,2023-05-31
2022-02-17,구로동로5길23-1,도로파손,2023-05-31
2022-02-17,구로중앙로32가길73,도로파손,2023-05-31
2022-02-17,도림로82,도로파손,2023-05-31
2022-02-18,고척로198,도로파손,2023-05-31
2022-02-18,경서로55,도로파손,2023-05-31
2022-02-18,디지털로27길50,도로파손,2023-05-31
2022-02-18,도림로104,도로파손,2023-05-31
2022-02-18,새말로15,도로파손,2023-05-31
2022-02-21,개봉로3길108-20,도로파손,2023-05-31
2022-02-21,도림로108,도로파손,2023-05-31
2022-02-21,고척로25길20,도로파손,2023-05-31
2022-02-21,경서로3길4,도로파손,2023-05-31
2022-02-21,목동남로6,도로파손,2023-05-31
2022-02-21,구로동1-4,도로파손,2023-05-31
2022-02-22,구로중앙로28길65,도로파손,2023-05-31
2022-02-22,구로동496-128,도로파손,2023-05-31
2022-02-23,우마1길13-5,도로파손,2023-05-31
2022-02-23,구로동501-20,도로파손,2023-05-31
2022-02-23,디지털로20길4,도로파손,2023-05-31
2022-02-23,신도림로15길21-19,도로파손,2023-05-31
2022-02-23,구로중앙로42길110-31,도로파손,2023-05-31
2022-02-23,신도림로11길8-7,도로파손,2023-05-31
2022-02-24,경인로33다길34,도로파손,2023-05-31
2022-02-24,경인로31길48,도로파손,2023-05-31
2022-02-25,목감천서자전길258,도로파손,2023-05-31
2022-02-28,중앙로6길40,도로파손,2023-05-31
2022-02-28,중앙로6길40,도로파손,2023-05-31
2022-02-28,부일로1길13,도로파손,2023-05-31
2022-02-28,고척로27길99,도로파손,2023-05-31
2022-02-28,안양천로539길18,도로파손,2023-05-31
2022-02-28,목동남로8-1,도로파손,2023-05-31
2022-03-02,구로동733-10,도로파손,2023-05-31
2022-03-02,구로동로35나길12,도로파손,2023-05-31
2022-03-02,부일로861-6,도로파손,2023-05-31
2022-03-02,개봉로3가길92,도로파손,2023-05-31
2022-03-02,개봉로11길40,도로파손,2023-05-31
2022-03-02,고척로23길8,도로파손,2023-05-31
2022-03-02,고척로21길49,도로파손,2023-05-31
2022-03-02,오류로54-3,도로파손,2023-05-31
2022-03-02,도림로75-1,도로파손,2023-05-31
2022-03-02,경인로323,도로파손,2023-05-31
2022-03-02,구로중앙로28길7,도로파손,2023-05-31
2022-03-02,구로중앙로31길18,도로파손,2023-05-31
2022-03-02,개봉로17다길34,도로파손,2023-05-31
2022-03-02,개봉로1길94,도로파손,2023-05-31
2022-03-02,벚꽃로78길19,도로파손,2023-05-31
2022-03-03,안양천로537나길16,도로파손,2023-05-31
2022-03-03,구로동733-10,도로파손,2023-05-31
2022-03-03,고척동74-3,도로파손,2023-05-31
2022-03-03,개봉동279-7,도로파손,2023-05-31
2022-03-03,고척로212,도로파손,2023-05-31
2022-03-03,부일로861-6,도로파손,2023-05-31
2022-03-04,개봉로3길60,도로파손,2023-05-31
2022-03-04,개봉로23가길31,도로파손,2023-05-31
2022-03-04,오리로22다길36,도로파손,2023-05-31
2022-03-04,궁동258-10,도로파손,2023-05-31
2022-03-04,고척로21길3,도로파손,2023-05-31
2022-03-04,고척동74-3,도로파손,2023-05-31
2022-03-07,고척동57-47,도로파손,2023-05-31
2022-03-07,신도림동412-4,도로파손,2023-05-31
2022-03-07,고척동52-333,도로파손,2023-05-31
2022-03-07,개봉동67-1,도로파손,2023-05-31
2022-03-07,경인로67길23,도로파손,2023-05-31
2022-03-07,개봉로11길18-5,도로파손,2023-05-31
2022-03-07,개봉로11길18-5,도로파손,2023-05-31
2022-03-07,구로동476-45,도로파손,2023-05-31
2022-03-07,구로동706-2,도로파손,2023-05-31
2022-03-07,고척로23길34,도로파손,2023-05-31
2022-03-07,고척로25길20,도로파손,2023-05-31
2022-03-07,고척로27마길6,도로파손,2023-05-31
2022-03-08,고척동118-3,도로파손,2023-05-31
2022-03-08,개봉동108-9,도로파손,2023-05-31
2022-03-08,개봉동121-3,도로파손,2023-05-31
2022-03-08,개봉동100,도로파손,2023-05-31
2022-03-08,부일로901,도로파손,2023-05-31
2022-03-08,고척동57-47,도로파손,2023-05-31
2022-03-08,고척동52-333,도로파손,2023-05-31
2022-03-08,서해안로2118,도로파손,2023-05-31
2022-03-08,구로2동616-1,도로파손,2023-05-31
2022-03-08,남부순환로105가길27,도로파손,2023-05-31
2022-03-08,남부순환로105가길23,도로파손,2023-05-31
2022-03-08,디지털로24가길28,도로파손,2023-05-31
2022-03-08,서해안로34길42,도로파손,2023-05-31
2022-03-08,개봉동108-9,도로파손,2023-05-31
2022-03-08,벚꽃로378,도로파손,2023-05-31
2022-03-08,경서로75-4,도로파손,2023-05-31
2022-03-08,경서로35,도로파손,2023-05-31
2022-03-08,고척로45길42-3,도로파손,2023-05-31
2022-03-08,오류로52,도로파손,2023-05-31
2022-03-10,도림로20길18,도로파손,2023-05-31
2022-03-10,고척로238,도로파손,2023-05-31
2022-03-10,새말로18길112,도로파손,2023-05-31
2022-03-10,도림로20길11,도로파손,2023-05-31
2022-03-10,디지털로33길58,도로파손,2023-05-31
2022-03-10,디지털로21길14,도로파손,2023-05-31
2022-03-10,구로동로5길6-4,도로파손,2023-05-31
2022-03-10,구로동로7길89,도로파손,2023-05-31
2022-03-10,경인로35길131,도로파손,2023-05-31
2022-03-10,고척로156,도로파손,2023-05-31
2022-03-10,고척로27마길35,도로파손,2023-05-31
2022-03-10,중앙로15길162,도로파손,2023-05-31
2022-03-10,중앙로15길132-17,도로파손,2023-05-31
2022-03-10,중앙로15길30,도로파손,2023-05-31
2022-03-11,경인로67길23,도로파손,2023-05-31
2022-03-11,경인로47길31,도로파손,2023-05-31
2022-03-11,경인로320-314,도로파손,2023-05-31
2022-03-14,부일로9길49,도로파손,2023-05-31
2022-03-14,부일로9길953,도로파손,2023-05-31
2022-03-14,고척로27길54,도로파손,2023-05-31
2022-03-14,중앙로6길17,도로파손,2023-05-31
2022-03-14,개봉로3길36,도로파손,2023-05-31
2022-03-15,항동로68,도로파손,2023-05-31
2022-03-15,개봉동4-3,도로파손,2023-05-31
2022-03-15,구로중앙로27다길1,도로파손,2023-05-31
2022-03-15,도림로20길11,도로파손,2023-05-31
2022-03-15,고척로27바길6,도로파손,2023-05-31
2022-03-16,구로동454-76,도로파손,2023-05-31
2022-03-16,중앙로6길40,도로파손,2023-05-31
2022-03-16,경인로611-29,도로파손,2023-05-31
2022-03-16,디지털로33길27,도로파손,2023-05-31
2022-03-16,중앙로6길40,도로파손,2023-05-31
2022-03-17,경인로33다길34,도로파손,2023-05-31
2022-03-17,오류로72,도로파손,2023-05-31
2022-03-17,새말로32,도로파손,2023-05-31
2022-03-17,새말로30,도로파손,2023-05-31
2022-03-17,새말로22,도로파손,2023-05-31
2022-03-17,새말로18,도로파손,2023-05-31
2022-03-17,구로동573,도로파손,2023-05-31
2022-03-17,구로동685-222,도로파손,2023-05-31
2022-03-17,구로중앙로28길31-48,도로파손,2023-05-31
2022-03-17,구로동로246,도로파손,2023-05-31
2022-03-17,구로동로212-13,도로파손,2023-05-31
2022-03-17,새말로18,도로파손,2023-05-31
2022-03-17,신도림로325-4,도로파손,2023-05-31
2022-03-17,새말로117-6,도로파손,2023-05-31
2022-03-17,새말로117-23,도로파손,2023-05-31
2022-03-17,고척로25길20,도로파손,2023-05-31
2022-03-17,고척로25길33-15,도로파손,2023-05-31
2022-03-18,목동남로10-6,도로파손,2023-05-31
2022-03-18,구로동614-216,도로파손,2023-05-31
2022-03-18,구로동496-128,도로파손,2023-05-31
2022-03-21,구로중앙로27다길1,도로파손,2023-05-31
2022-03-21,부일로957,도로파손,2023-05-31
2022-03-21,부일로967,도로파손,2023-05-31
2022-03-21,구로동1-4,도로파손,2023-05-31
2022-03-21,공원로40,도로파손,2023-05-31
2022-03-21,구일로2길29,도로파손,2023-05-31
2022-03-21,고척로184-1,도로파손,2023-05-31
2022-03-21,안양천로539길6,도로파손,2023-05-31
2022-03-21,고척로21길39,도로파손,2023-05-31
2022-03-21,고척로27길99,도로파손,2023-05-31
2022-03-21,신도림로11가길36,도로파손,2023-05-31
2022-03-21,목동남로10,도로파손,2023-05-31
2022-03-22,오리로22가길33,도로파손,2023-05-31
2022-03-22,부일로9길49,도로파손,2023-05-31
2022-03-22,오리로20길15,도로파손,2023-05-31
2022-03-22,공원로11길2,도로파손,2023-05-31
2022-03-22,구로중앙로17,도로파손,2023-05-31
2022-03-22,경인로33길28,도로파손,2023-05-31
2022-03-22,경인로330,도로파손,2023-05-31
2022-03-22, 도림로20길11,도로파손,2023-05-31
2022-03-22,도림로20길11,도로파손,2023-05-31
2022-03-22,디지털로26길87,도로파손,2023-05-31
2022-03-23,공원로35,도로파손,2023-05-31
2022-03-23,새말로18길17,도로파손,2023-05-31
2022-03-23,서해안로2217,도로파손,2023-05-31
2022-03-23,오리로11길99,도로파손,2023-05-31
2022-03-23,경인로3길27,도로파손,2023-05-31
2022-03-23,개봉로3길14,도로파손,2023-05-31
2022-03-23,구로동265-1(디지털로27길82),도로파손,2023-05-31
2022-03-24,구로동685-222,도로파손,2023-05-31
2022-03-24,오류동36-13,도로파손,2023-05-31
2022-03-24,천왕동14-116,도로파손,2023-05-31
2022-03-24,개봉로1길156,도로파손,2023-05-31
2022-03-24,공원로11길4,도로파손,2023-05-31
2022-03-24,부일로927,도로파손,2023-05-31
2022-03-24,부일로869,도로파손,2023-05-31
2022-03-24,부일로847,도로파손,2023-05-31
2022-03-24,중앙로5길78,도로파손,2023-05-31
2022-03-25,부일로9길92,도로파손,2023-05-31
2022-03-25,구로중앙로14,도로파손,2023-05-31
2022-03-25,부일로1가길42-36,도로파손,2023-05-31
2022-03-25,오리로21길2,도로파손,2023-05-31
2022-03-28,신도림로9길19-3,도로파손,2023-05-31
2022-03-28,고척로4길15-9,도로파손,2023-05-31
2022-03-28,고척로209,도로파손,2023-05-31
2022-03-28,공원로28,도로파손,2023-05-31
2022-03-28,신정로59,도로파손,2023-05-31
2022-03-28,고척로22길78,도로파손,2023-05-31
2022-03-28,공원로9길11,도로파손,2023-05-31
2022-03-28,도림로104,도로파손,2023-05-31
2022-03-28,안양천로539길6,도로파손,2023-05-31
2022-03-30,구로동635-4,도로파손,2023-05-31
2022-03-30,개봉로12길30,도로파손,2023-05-31
2022-03-30,우마1가길13-5,도로파손,2023-05-31
2022-03-30,우마길23-8,도로파손,2023-05-31
2022-03-30,디지털로19길22,도로파손,2023-05-31
2022-03-30,개봉동270-59,도로파손,2023-05-31
2022-03-30,고척로213,도로파손,2023-05-31
2022-03-30,고척로52길53,도로파손,2023-05-31
2022-03-30,고척동76-77,도로파손,2023-05-31
2022-03-30,고척동52-74,도로파손,2023-05-31
2022-03-30,고척동74-3,도로파손,2023-05-31
2022-03-30,가마산로27길24,도로파손,2023-05-31
2022-03-30,구로동1124-77,도로파손,2023-05-31
2022-03-30,도림로104,도로파손,2023-05-31
2022-03-30,도림로20길11,도로파손,2023-05-31
2022-03-30,구로중앙로31길38,도로파손,2023-05-31
2022-03-31,온수동53-4,도로파손,2023-05-31
2022-03-31,도림로3길36,도로파손,2023-05-31
2022-03-31,구일로2길29,도로파손,2023-05-31
2022-03-31,새말로93,도로파손,2023-05-31
2022-03-31,도림로72,도로파손,2023-05-31
2022-03-31,구로중앙로25길10,도로파손,2023-05-31
2022-03-31,고척로27길7,도로파손,2023-05-31
2022-03-31,새말로18길64,도로파손,2023-05-31
2022-03-31,구로동로5길6-15,도로파손,2023-05-31
2022-03-31,구로동로5길17-10,도로파손,2023-05-31
2022-03-31,구로중앙로27나길20,도로파손,2023-05-31
2022-03-31,도림로10길27-5,도로파손,2023-05-31
2022-03-31,개봉동203-9,도로파손,2023-05-31
2022-03-31,"개봉고가,광명시쪽",도로파손,2023-05-31
2022-03-31,신도림로19길71,도로파손,2023-05-31
2022-03-31,신도림로11길8-3,도로파손,2023-05-31
2022-03-31,고척로139,도로파손,2023-05-31
2022-03-31,고척로213,도로파손,2023-05-31
2022-03-31,고척로156,도로파손,2023-05-31
2022-03-31,오리로15길32,도로파손,2023-05-31
2022-03-31,경서로11길46,도로파손,2023-05-31
2022-03-31,천왕로9,도로파손,2023-05-31
2022-04-01,구로동로28길64-10,도로파손,2023-05-31
2022-04-01,구로중앙로28다길25,도로파손,2023-05-31
2022-04-01,구로동35-5,도로파손,2023-05-31
2022-04-01,경서로5,도로파손,2023-05-31
2022-04-01,도림로20길11,도로파손,2023-05-31
2022-04-01,구로중앙로31길18,도로파손,2023-05-31
2022-04-01,구로중앙로19가길10,도로파손,2023-05-31
2022-04-01,신도림동360-50,도로파손,2023-05-31
2022-04-01,오리로11길27(서해안로2217),도로파손,2023-05-31
2022-04-01,부일로957(부일로15가길3),도로파손,2023-05-31
2022-04-01,경인로35길131,도로파손,2023-05-31
2022-04-01,고척로27마길35,도로파손,2023-05-31
2022-04-01,경인로320,도로파손,2023-05-31
2022-04-01,중앙로15길162,도로파손,2023-05-31
2022-04-01,중앙로132-17,도로파손,2023-05-31
2022-04-04,새말로18-53,도로파손,2023-05-31
2022-04-04,개봉동70-93,도로파손,2023-05-31
2022-04-04,구로동141-5,도로파손,2023-05-31
2022-04-04,구로동648-2,도로파손,2023-05-31
2022-04-04,구일로8길63,도로파손,2023-05-31
2022-04-04,부일로1가길42-36,도로파손,2023-05-31
2022-04-04,남부순환로1082-58,도로파손,2023-05-31
2022-04-04,새말로93,도로파손,2023-05-31
2022-04-04,가마산로291,도로파손,2023-05-31
2022-04-04,신도림로7,도로파손,2023-05-31
2022-04-04,새말로18길130,도로파손,2023-05-31
2022-04-05,경인로8길75,도로파손,2023-05-31
2022-04-05,남부순환로1082-58,도로파손,2023-05-31
2022-04-05,구로중앙로27나길20,도로파손,2023-05-31
2022-04-05,구로중앙로22길7,도로파손,2023-05-31
2022-04-05,구로중앙로28다길15,도로파손,2023-05-31
2022-04-05,구로중앙로22길39-2,도로파손,2023-05-31
2022-04-05,경서로1가길37-5,도로파손,2023-05-31
2022-04-05,오류로86,도로파손,2023-05-31
2022-04-05,구로중앙로28나길14,도로파손,2023-05-31
2022-04-05,구로동로7다길7,도로파손,2023-05-31
2022-04-05,구로동로7다길86,도로파손,2023-05-31
2022-04-05,남부순환로105라길6,도로파손,2023-05-31
2022-04-05,디지털로21길14,도로파손,2023-05-31
2022-04-05,디지털로19길15,도로파손,2023-05-31
2022-04-05,공원로6가길22,도로파손,2023-05-31
2022-04-05,공원로6가길52,도로파손,2023-05-31
2022-04-05,공원로6가길4,도로파손,2023-05-31
2022-04-06,오리로1181-4,도로파손,2023-05-31
2022-04-06,오리로10길44-37,도로파손,2023-05-31
2022-04-06,도림로20길11,도로파손,2023-05-31
2022-04-06,고척동77-8,도로파손,2023-05-31
2022-04-06,고척동118-3,도로파손,2023-05-31
2022-04-06,고척동76-224,도로파손,2023-05-31
2022-04-06,고척동102-2,도로파손,2023-05-31
2022-04-06,고척로213,도로파손,2023-05-31
2022-04-07,구로동222-3,도로파손,2023-05-31
2022-04-07,구로동로7라길33,도로파손,2023-05-31
2022-04-08,구로중앙로26길34,도로파손,2023-05-31
2022-04-08,디지털로27길124-9,도로파손,2023-05-31
2022-04-08,오류동267-3,도로파손,2023-05-31
2022-04-08,고척로209-1,도로파손,2023-05-31
2022-04-08,고척로25길20,도로파손,2023-05-31
2022-04-08,고척로52길22,도로파손,2023-05-31
2022-04-08,구로중앙로49,도로파손,2023-05-31
2022-04-08,구로중앙로31길18,도로파손,2023-05-31
2022-04-11,구로중앙로28길66,도로파손,2023-05-31
2022-04-11,도림로20길30,도로파손,2023-05-31
2022-04-11,고척로25길20,도로파손,2023-05-31
2022-04-11,경인로66길13,도로파손,2023-05-31
2022-04-11,벚꽃로378,도로파손,2023-05-31
2022-04-12,구로동1-4,도로파손,2023-05-31
2022-04-12,고척로128-10,도로파손,2023-05-31
2022-04-12,고척동76-70,도로파손,2023-05-31
2022-04-12,오류동6-2,도로파손,2023-05-31
2022-04-13,천왕동282-10,도로파손,2023-05-31
2022-04-13,연동로169,도로파손,2023-05-31
2022-04-13,구로중앙로28길66,도로파손,2023-05-31
2022-04-13,신도림로56-24,도로파손,2023-05-31
2022-04-13,경인로66길19,도로파손,2023-05-31
2022-04-13,도림로20길6,도로파손,2023-05-31
2022-04-13,도림로79,도로파손,2023-05-31
2022-04-13,구로중앙로33-1,도로파손,2023-05-31
2022-04-14,구로동317-15,도로파손,2023-05-31
2022-04-14,경서로1가길37-10,도로파손,2023-05-31
2022-04-14,구로중앙로47,도로파손,2023-05-31
2022-04-14,중앙로5길20,도로파손,2023-05-31
2022-04-15,부일로9길87,도로파손,2023-05-31
2022-04-15,구로동1132-40,도로파손,2023-05-31
2022-04-15,구로중앙로30길13,도로파손,2023-05-31
2022-04-15,개봉로17나길52,도로파손,2023-05-31
2022-04-15,구로중앙로22길80,도로파손,2023-05-31
2022-04-15,구로중앙로30길24,도로파손,2023-05-31
2022-04-15,공원로11길45,도로파손,2023-05-31
2022-04-18,고척로52마길7-4,도로파손,2023-05-31
2022-04-18,고척로52마길7-12,도로파손,2023-05-31
2022-04-18,가마산로20나길22-1,도로파손,2023-05-31
2022-04-18,오류로8다길17,도로파손,2023-05-31
2022-04-18,디지털로31길120,도로파손,2023-05-31
2022-04-18,경인로98,도로파손,2023-05-31
2022-04-18,남부순화로1082-72,도로파손,2023-05-31
2022-04-19,새말로8길12-12,도로파손,2023-05-31
2022-04-19,공원로83,도로파손,2023-05-31
2022-04-19,공원로6가길4,도로파손,2023-05-31
2022-04-19,공원로27,도로파손,2023-05-31
2022-04-19,새말로6길11-17,도로파손,2023-05-31
2022-04-19,구로중앙로22길37,도로파손,2023-05-31
2022-04-19,부일로953,도로파손,2023-05-31
2022-04-19,구로중앙로16,도로파손,2023-05-31
2022-04-19,도림로20길11,도로파손,2023-05-31
2022-04-20,오류로66-17,도로파손,2023-05-31
2022-04-22,구로동로7길31-29,도로파손,2023-05-31
2022-04-22,부일로951,도로파손,2023-05-31
2022-04-22,새말로18길146,도로파손,2023-05-31
2022-04-22,경인로650,도로파손,2023-05-31
2022-04-22,남부순환로107가길6-13,도로파손,2023-05-31
2022-04-22,구로동로29길16-19,도로파손,2023-05-31
2022-04-25,경인로67길67-41,도로파손,2023-05-31
2022-04-25,경인로55길21,도로파손,2023-05-31
2022-04-25,공원로34,도로파손,2023-05-31
2022-04-25,구로중앙로24길21,도로파손,2023-05-31
2022-04-25,구로동로141,도로파손,2023-05-31
2022-04-25,구로동로166,도로파손,2023-05-31
2022-04-25,구로동로209-1,도로파손,2023-05-31
2022-04-25,구로동로222,도로파손,2023-05-31
2022-04-25,구로동로238,도로파손,2023-05-31
2022-04-25,구로동512-32,도로파손,2023-05-31
2022-04-26,오류동340(오류로86),도로파손,2023-05-31
2022-04-26,구로중앙로47,도로파손,2023-05-31
2022-04-26,공원로6길11,도로파손,2023-05-31
2022-04-26,서해안로26길7,도로파손,2023-05-31
2022-04-26,구로동685-222,도로파손,2023-05-31
2022-04-26,개봉동319-33,도로파손,2023-05-31
2022-04-26,개봉동311-16,도로파손,2023-05-31
2022-04-26,개봉동309-11,도로파손,2023-05-31
2022-04-26,오류로64,도로파손,2023-05-31
2022-04-26,오류로66-17,도로파손,2023-05-31
2022-04-27,부일로969,도로파손,2023-05-31
2022-04-27,경인로638,도로파손,2023-05-31
2022-04-27,오류동340,도로파손,2023-05-31
2022-04-27,가마산로180-6,도로파손,2023-05-31
2022-04-27,구로동114-10,도로파손,2023-05-31
2022-04-27,고척동241-11,도로파손,2023-05-31
2022-04-27,중앙로15길132-17,도로파손,2023-05-31
2022-04-29,고척로33라길24-2,도로파손,2023-05-31
2022-04-29,고척로12길56,도로파손,2023-05-31
2022-04-29,신도림동396-245,도로파손,2023-05-31
2022-04-29,구로중앙로42길6,도로파손,2023-05-31
2022-04-29,신도림동288-11,도로파손,2023-05-31
2022-04-29,우마2길75,도로파손,2023-05-31
2022-04-29,남부순환로105가길23,도로파손,2023-05-31
2022-04-29,구로동로15-9,도로파손,2023-05-31
2022-05-02,구로중앙로107,도로파손,2023-05-31
2022-05-02,온수동23-26,도로파손,2023-05-31
2022-05-02,온수주차장,도로파손,2023-05-31
2022-05-02,고척로204,도로파손,2023-05-31
2022-05-02,고척로25길33,도로파손,2023-05-31
2022-05-02,고척로27길51,도로파손,2023-05-31
2022-05-02,고척로27길51,도로파손,2023-05-31
2022-05-02,구일로2길29,도로파손,2023-05-31
2022-05-02,구로중앙로37,도로파손,2023-05-31
2022-05-02,천왕로63,도로파손,2023-05-31
2022-05-02,오리로1102-2,도로파손,2023-05-31
2022-05-03,경인로435,도로파손,2023-05-31
2022-05-03,도림로104,도로파손,2023-05-31
2022-05-03,고척로30길58,도로파손,2023-05-31
2022-05-03,구로중앙로28길66,도로파손,2023-05-31
2022-05-03,디지털로224,도로파손,2023-05-31
2022-05-03,신도림로11길62,도로파손,2023-05-31
2022-05-03,오류동145-115,도로파손,2023-05-31
2022-05-04,오리로1102-8,도로파손,2023-05-31
2022-05-04,개봉로11가길25,도로파손,2023-05-31
2022-05-06,구로중앙로37,도로파손,2023-05-31
2022-05-06,고척로20길70-4,도로파손,2023-05-31
2022-05-06,고척로20길60,도로파손,2023-05-31
2022-05-06,구일로4길65,도로파손,2023-05-31
2022-05-06,우마1다길7,도로파손,2023-05-31
2022-05-06,고척로25길19,도로파손,2023-05-31
2022-05-09,구일로4길65,도로파손,2023-05-31
2022-05-09,구일로10길27,도로파손,2023-05-31
2022-05-09,구로중앙로9길4,도로파손,2023-05-31
2022-05-09,구로중앙로42길137,도로파손,2023-05-31
2022-05-09,새말로4,도로파손,2023-05-31
2022-05-09,항동하버라인정문앞,도로파손,2023-05-31
2022-05-09,공원로6가길67,도로파손,2023-05-31
2022-05-09,우마2길35,도로파손,2023-05-31
2022-05-09,구로중앙로28길40,도로파손,2023-05-31
2022-05-09,신도림로3길2,도로파손,2023-05-31
2022-05-09,신도림로11나길22,도로파손,2023-05-31
2022-05-10,신도림동396-227,도로파손,2023-05-31
2022-05-10,구로동798-10,도로파손,2023-05-31
2022-05-10,새말로12길19-6,도로파손,2023-05-31
2022-05-10,경인로3길30,도로파손,2023-05-31
2022-05-10,경인로3길20,도로파손,2023-05-31
2022-05-10,경인로25길56,도로파손,2023-05-31
2022-05-10,고척로22길22,도로파손,2023-05-31
2022-05-10,개봉동67-17,도로파손,2023-05-31
2022-05-10,신도림로9길20,도로파손,2023-05-31
2022-05-10,신도림로9길30,도로파손,2023-05-31
2022-05-10,온수동21-1,도로파손,2023-05-31
2022-05-10,경인로3길58-60,도로파손,2023-05-31
2022-05-11,천왕동61-2,도로파손,2023-05-31
2022-05-11,고척동291-9,도로파손,2023-05-31
2022-05-11,고척동274-7,도로파손,2023-05-31
2022-05-11,구로동로17길31-30,도로파손,2023-05-31
2022-05-11,디지털로19길51,도로파손,2023-05-31
2022-05-11,구로동로35가길46,도로파손,2023-05-31
2022-05-12,구로동621-9,도로파손,2023-05-31
2022-05-12,경서로55,도로파손,2023-05-31
2022-05-12,구로동222-15,도로파손,2023-05-31
2022-05-12,경인로20나길63,도로파손,2023-05-31
2022-05-12,우마2길63,도로파손,2023-05-31
2022-05-13,경서로3길4,도로파손,2023-05-31
2022-05-16,천왕동 282-10,도로파손,2023-05-31
2022-05-16,고척로3길86-8,도로파손,2023-05-31
2022-05-16,고척로19길16,도로파손,2023-05-31
2022-05-16,가리봉동 121-31,도로파손,2023-05-31
2022-05-16,개봉로2길 133-15,도로파손,2023-05-31
2022-05-17,개봉동 403-187,도로파손,2023-05-31
2022-05-17,개봉로11나길7,도로파손,2023-05-31
2022-05-17,오류로56,도로파손,2023-05-31
2022-05-18,공원로11가길10-3,도로파손,2023-05-31
2022-05-18,벚꽃로466,도로파손,2023-05-31
2022-05-19,새말로12길19-6,도로파손,2023-05-31
2022-05-19,천왕로50,도로파손,2023-05-31
2022-05-19,개봉로11길75-5,도로파손,2023-05-31
2022-05-19,구로중앙로112 ~108,도로파손,2023-05-31
2022-05-20,중앙로3길49,도로파손,2023-05-31
2022-05-20,디지털로26길98,도로파손,2023-05-31
2022-05-20,디지털로26길98,도로파손,2023-05-31
2022-05-20,디지털로26길98,도로파손,2023-05-31
2022-05-20,도림로104,도로파손,2023-05-31
2022-05-23,경인로47다길3,도로파손,2023-05-31
2022-05-23,경인로364,도로파손,2023-05-31
2022-05-24,경인로47길126-5,도로파손,2023-05-31
2022-05-24,중앙로6,도로파손,2023-05-31
2022-05-24,개봉동183-5,도로파손,2023-05-31
2022-05-24,개봉동141-48,도로파손,2023-05-31
2022-05-24,고척동171-21,도로파손,2023-05-31
2022-05-24,공원로40,도로파손,2023-05-31
2022-05-24,구로동1-4,도로파손,2023-05-31
2022-05-25,디지털로27가길5-1,도로파손,2023-05-31
2022-05-25,경인로35길72,도로파손,2023-05-31
2022-05-25,경인로31길48,도로파손,2023-05-31
2022-05-25,고척로27길124-1,도로파손,2023-05-31
2022-05-25,개봉로15길70,도로파손,2023-05-31
2022-05-25,도림로20길6,도로파손,2023-05-31
2022-05-25,구로중앙로26길16-1,도로파손,2023-05-31
2022-05-26,서해안로34가길3,도로파손,2023-05-31
2022-05-26,구로동로7길57,도로파손,2023-05-31
2022-05-26,중앙로5길6,도로파손,2023-05-31
2022-05-26,구일로94,도로파손,2023-05-31
2022-05-31,개봉로6길12-8,도로파손,2023-05-31
2022-05-31,고척로33라길14-23,도로파손,2023-05-31
2022-05-31,중앙로14길19,도로파손,2023-05-31
2022-05-31,고척동171-21,도로파손,2023-05-31
2022-05-31,고척동171-21,도로파손,2023-05-31
2022-05-31,새말로48,도로파손,2023-05-31
2022-05-31,오류로53,도로파손,2023-05-31
2022-05-31,"구로동로35나길13,14",도로파손,2023-05-31
2022-06-02,고척로3길 59-3,도로파손,2023-05-31
2022-06-02,구로중앙로 152,도로파손,2023-05-31
2022-06-02,구로중앙로 108,도로파손,2023-05-31
2022-06-02,도림로 20길 11,도로파손,2023-05-31
2022-06-03,구로동 1123-2,도로파손,2023-05-31
2022-06-03,구로동 731-1,도로파손,2023-05-31
2022-06-07,시흥대로577-11,도로파손,2023-05-31
2022-06-07,부일로9길57,도로파손,2023-05-31
2022-06-07,경인로20나길36,도로파손,2023-05-31
2022-06-07,경인로3길30,도로파손,2023-05-31
2022-06-07,가마산로191,도로파손,2023-05-31
2022-06-07,구로중앙로197,도로파손,2023-05-31
2022-06-07,가마산로181,도로파손,2023-05-31
2022-06-08,중앙로14가길83,도로파손,2023-05-31
2022-06-08,오류동46-3,도로파손,2023-05-31
2022-06-08,신도림동390-9,도로파손,2023-05-31
2022-06-08,구로중앙로7길29,도로파손,2023-05-31
2022-06-08,고척동320-3,도로파손,2023-05-31
2022-06-09,구로동로41길6,도로파손,2023-05-31
2022-06-09,고척동129-3,도로파손,2023-05-31
2022-06-09,구로동로7길57,도로파손,2023-05-31
2022-06-09,가마산로5길17,도로파손,2023-05-31
2022-06-09,구로동로41길12,도로파손,2023-05-31
2022-06-09,가리봉동132-53,도로파손,2023-05-31
2022-06-10,우마1길29,도로파손,2023-05-31
2022-06-10,구로동로43길30-6,도로파손,2023-05-31
2022-06-10,도림로107,도로파손,2023-05-31
2022-06-10,도림로73,도로파손,2023-05-31
2022-06-13,구로중앙로17,도로파손,2023-05-31
2022-06-13,구로동로25길3,도로파손,2023-05-31
2022-06-13,천왕동63-5,도로파손,2023-05-31
2022-06-13,오리로1063-9,도로파손,2023-05-31
2022-06-13,구로중앙로26길24,도로파손,2023-05-31
2022-06-13,부일로869,도로파손,2023-05-31
2022-06-13,서해안로34가길52,도로파손,2023-05-31
2022-06-13,구일로4길49,도로파손,2023-05-31
2022-06-13,개봉동157-13,도로파손,2023-05-31
2022-06-14,서해안로34가길52,도로파손,2023-05-31
2022-06-14,새말로117-6,도로파손,2023-05-31
2022-06-14,새말로117-6,도로파손,2023-05-31
2022-06-14,가마산로20가길26-1,도로파손,2023-05-31
2022-06-15,구로동로35가길19,도로파손,2023-05-31
2022-06-15,공원로7,도로파손,2023-05-31
2022-06-16,경인로3길30,도로파손,2023-05-31
2022-06-16,경인로3길41,도로파손,2023-05-31
2022-06-16,고척로21가길28,도로파손,2023-05-31
2022-06-17,구로동로243,도로파손,2023-05-31
2022-06-17,새말로117-23,도로파손,2023-05-31
2022-06-17,경인로565,도로파손,2023-05-31
2022-06-17,디지털로26길123,도로파손,2023-05-31
2022-06-17,디지털로26길98,도로파손,2023-05-31
2022-06-17,경인로35길40-28,도로파손,2023-05-31
2022-06-17,도림로10길17-1,도로파손,2023-05-31
2022-06-20,고척동171-21,도로파손,2023-05-31
2022-06-20,오류동134-2,도로파손,2023-05-31
2022-06-20,디지털로32가길46-5,도로파손,2023-05-31
2022-06-20,디지털로26길72,도로파손,2023-05-31
2022-06-20,새말로4-1,도로파손,2023-05-31
2022-06-20,경인로33길10,도로파손,2023-05-31
2022-06-20,부일로933,도로파손,2023-05-31
2022-06-21,구로동로35나길14,도로파손,2023-05-31
2022-06-21,남부순환로107가길6-11,도로파손,2023-05-31
2022-06-21,중앙로3길20,도로파손,2023-05-31
2022-06-21,도림로28길16,도로파손,2023-05-31
2022-06-21,경서로5길7-26,도로파손,2023-05-31
2022-06-21,개봉동33-110,도로파손,2023-05-31
2022-06-21,구로동1262,도로파손,2023-05-31
2022-06-21,구로동로22길1,도로파손,2023-05-31
2022-06-21,가마산로271,도로파손,2023-05-31
2022-06-21,오리로9길57,도로파손,2023-05-31
2022-06-21,서부샛길822,도로파손,2023-05-31
2022-06-22,고척로41길14-1,도로파손,2023-05-31
2022-06-22,천왕로1길50,도로파손,2023-05-31
2022-06-22,경인로35길67,도로파손,2023-05-31
2022-06-22,벚꽃로378,도로파손,2023-05-31
2022-06-22,구로중앙로229,도로파손,2023-05-31
2022-06-23,구로동795-11,도로파손,2023-05-31
2022-06-23,구로동749-12,도로파손,2023-05-31
2022-06-23,고척동76-63,도로파손,2023-05-31
2022-06-23,오류로8길16,도로파손,2023-05-31
2022-06-23,오류로54-3,도로파손,2023-05-31
2022-06-23,오류로62,도로파손,2023-05-31
2022-06-24,경인로35길56-31,도로파손,2023-05-31
2022-06-24,벚꽃로442-1,도로파손,2023-05-31
2022-06-24,경인로47길82,도로파손,2023-05-31
2022-06-24,개봉동416-150,도로파손,2023-05-31
2022-06-24,구로중앙로37,도로파손,2023-05-31
2022-06-24,새말로117-6,도로파손,2023-05-31
2022-06-24,경인로67길23,도로파손,2023-05-31
2022-06-24,구로중앙로25길26,도로파손,2023-05-31
2022-06-24,개봉로33길22,도로파손,2023-05-31
2022-06-24,구일로68,도로파손,2023-05-31
2022-06-24,고척로123,도로파손,2023-05-31
2022-06-27,디지털로27길69,도로파손,2023-05-31
2022-06-27,구로동로17길58,도로파손,2023-05-31
2022-06-27,고척로25길9,도로파손,2023-05-31
2022-06-27,신도림동419-57,도로파손,2023-05-31
2022-06-27,경인로3길27,도로파손,2023-05-31
2022-06-27,구로중앙로17,도로파손,2023-05-31
2022-06-27,오류로8나길18,도로파손,2023-05-31
2022-06-27,구로동442-122,도로파손,2023-05-31
2022-06-28,중앙로5길6,도로파손,2023-05-31
2022-06-28,고척로60길23,도로파손,2023-05-31
2022-06-28,경인로537,도로파손,2023-05-31
2022-06-28,구로동로41길~벚꽃로70길,도로파손,2023-05-31
2022-06-28,새말로117-23,도로파손,2023-05-31
2022-06-29,남부순환로105나길28,도로파손,2023-05-31
2022-06-29,오류로30,도로파손,2023-05-31
2022-06-29,새말로89,도로파손,2023-05-31
2022-06-29,구로중앙로37,도로파손,2023-05-31
2022-06-29,구로중앙로37,도로파손,2023-05-31
2022-06-29,가마산로25길9-13,도로파손,2023-05-31
2022-06-29,가마산로25길9-24,도로파손,2023-05-31
2022-06-30,구로중앙로37,도로파손,2023-05-31
2022-06-30,디지털로26길38,도로파손,2023-05-31
2022-06-30,구로동로17길58,도로파손,2023-05-31
2022-06-30,중앙로91-16,도로파손,2023-05-31
2022-06-30,개봉로33,도로파손,2023-05-31
2022-06-30,구로동409-33,도로파손,2023-05-31
2022-06-30,구로동409-45,도로파손,2023-05-31
2022-07-04,고척로123-1,도로파손,2023-05-31
2022-07-04,구로동313-30,도로파손,2023-05-31
2022-07-04,구로동182-13,도로파손,2023-05-31
2022-07-04,경인로661,도로파손,2023-05-31
2022-07-04,남부순환로1082-58,도로파손,2023-05-31
2022-07-04,도림로72,도로파손,2023-05-31
2022-07-04,도림로20길11,도로파손,2023-05-31
2022-07-04,구로동689-7,도로파손,2023-05-31
2022-07-04,남부순환로775,도로파손,2023-05-31
2022-07-04,새말로117-6,도로파손,2023-05-31
2022-07-04,경인로3길27,도로파손,2023-05-31
2022-07-04,고척동43-39,도로파손,2023-05-31
2022-07-04,경인로47길76,도로파손,2023-05-31
2022-07-04,개봉로12길13,도로파손,2023-05-31
2022-07-05,가마산로25길9-13,도로파손,2023-05-31
2022-07-05,고척로37길18,도로파손,2023-05-31
2022-07-05,새말로117-23,도로파손,2023-05-31
2022-07-05,개봉동33-110,도로파손,2023-05-31
2022-07-05,개봉동122-12,도로파손,2023-05-31
2022-07-05,개봉동123-5,도로파손,2023-05-31
2022-07-05,경인로611-29,도로파손,2023-05-31
2022-07-05,구로중앙로42길85,도로파손,2023-05-31
2022-07-06,개봉동416-99,도로파손,2023-05-31
2022-07-06,경인로67길23,도로파손,2023-05-31
2022-07-06,구로중앙로25길10,도로파손,2023-05-31
2022-07-06,구로동417-4,도로파손,2023-05-31
2022-07-06,구로동3-30,도로파손,2023-05-31
2022-07-06,가마산로291,도로파손,2023-05-31
2022-07-06,구로동로7길59,도로파손,2023-05-31
2022-07-07,고척동76-284,도로파손,2023-05-31
2022-07-07,부일로933,도로파손,2023-05-31
2022-07-07,구로동로7길59,도로파손,2023-05-31
2022-07-07,신도림로56-13,도로파손,2023-05-31
2022-07-07,신도림로56-13,도로파손,2023-05-31
2022-07-07,신도림로21가길36,도로파손,2023-05-31
2022-07-07,구로중앙로42길121,도로파손,2023-05-31
2022-07-07,고척로123,도로파손,2023-05-31
2022-07-07,개봉로15길18-34,도로파손,2023-05-31
2022-07-07,경인로546-1,도로파손,2023-05-31
2022-07-07,경인로47다길4,도로파손,2023-05-31
2022-07-07,경인로47길118,도로파손,2023-05-31
2022-07-07,오류동9-60,도로파손,2023-05-31
2022-07-08,구로동63-1,도로파손,2023-05-31
2022-07-08,개봉동8-21,도로파손,2023-05-31
2022-07-08,고척동250-8,도로파손,2023-05-31
2022-07-08,고척동341-5,도로파손,2023-05-31
2022-07-08,새말로31,도로파손,2023-05-31
2022-07-08,벚꽃로484,도로파손,2023-05-31
2022-07-08,가마산로141,도로파손,2023-05-31
2022-07-08,도림로107,도로파손,2023-05-31
2022-07-08,도림로20길18,도로파손,2023-05-31
2022-07-08,구로동636-45,도로파손,2023-05-31
2022-07-08,도림로75-1,도로파손,2023-05-31
2022-07-11,고척동52-417,도로파손,2023-05-31
2022-07-11,중앙로14길15,도로파손,2023-05-31
2022-07-11,신도림동416-5,도로파손,2023-05-31
2022-07-11,경인로661,도로파손,2023-05-31
2022-07-11,부일로961,도로파손,2023-05-31
2022-07-11,벚꽃로456,도로파손,2023-05-31
2022-07-11,구로중앙로43,도로파손,2023-05-31
2022-07-11,고척로123-1,도로파손,2023-05-31
2022-07-14,새말로120,도로파손,2023-05-31
2022-07-14,경인로66길19,도로파손,2023-05-31
2022-07-14,구로중앙로25길28,도로파손,2023-05-31
2022-07-14,대림동633-1,도로파손,2023-05-31
2022-07-14,구일로2길2,도로파손,2023-05-31
2022-07-14,부일로933,도로파손,2023-05-31
2022-07-14,부일로1가길3,도로파손,2023-05-31
2022-07-14,부일로929,도로파손,2023-05-31
2022-07-14,중앙로6길26,도로파손,2023-05-31
2022-07-14,개봉2길133-21,도로파손,2023-05-31
2022-07-14,디지털로27길65,도로파손,2023-05-31
2022-07-14,부일로5길32,도로파손,2023-05-31
2022-07-14,경인로248-14,도로파손,2023-05-31
2022-07-14,경인로47길72,도로파손,2023-05-31
2022-07-14,구로동1132-40,도로파손,2023-05-31
2022-07-14,개봉로12길13,도로파손,2023-05-31
2022-07-15,경인로3가길15-15,도로파손,2023-05-31
2022-07-15,구로중앙로39길11,도로파손,2023-05-31
2022-07-15,경인로66길5,도로파손,2023-05-31
2022-07-15,구로동로35나길29,도로파손,2023-05-31
2022-07-15,가마산로245~구로중앙로13,도로파손,2023-05-31
2022-07-18,부일로883,도로파손,2023-05-31
2022-07-18,구로동로5길2,도로파손,2023-05-31
2022-07-18,구일로130,도로파손,2023-05-31
2022-07-18,디지털로32나길43-1,도로파손,2023-05-31
2022-07-18,디지털로26길87,도로파손,2023-05-31
2022-07-18,부일로957,도로파손,2023-05-31
2022-07-18,고척동224,도로파손,2023-05-31
2022-07-18,개봉동416-2,도로파손,2023-05-31
2022-07-18,경인로53길59,도로파손,2023-05-31
2022-07-18,경인로55길21,도로파손,2023-05-31
2022-07-18,경인로55길31,도로파손,2023-05-31
2022-07-18,대림동633-1,도로파손,2023-05-31
2022-07-18,구로동586-5,도로파손,2023-05-31
2022-07-18,디지털로27길45,도로파손,2023-05-31
2022-07-18,구로중앙로9길8,도로파손,2023-05-31
2022-07-18,구로1동에서 롯데마트길,도로파손,2023-05-31
2022-07-19,새말로93,도로파손,2023-05-31
2022-07-19,궁동2-3,도로파손,2023-05-31
2022-07-19,궁동112-5,도로파손,2023-05-31
2022-07-19,궁동112-5,도로파손,2023-05-31
2022-07-19,경인로209,도로파손,2023-05-31
2022-07-19,구로중앙로28길66,도로파손,2023-05-31
2022-07-19,개봉동206-2,도로파손,2023-05-31
2022-07-19,개봉로23가길28,도로파손,2023-05-31
2022-07-20,구로중앙로216-1,도로파손,2023-05-31
2022-07-20,부일로19길50-101,도로파손,2023-05-31
2022-07-20,개봉동416-99,도로파손,2023-05-31
2022-07-20,개봉동353-37,도로파손,2023-05-31
2022-07-20,디지털로32길97-39,도로파손,2023-05-31
2022-07-20,디지털로26길38,도로파손,2023-05-31
2022-07-21,중앙로10길21,도로파손,2023-05-31
2022-07-21,서해안로2296,도로파손,2023-05-31
2022-07-21,개봉동372-1,도로파손,2023-05-31
2022-07-21,목감천229,도로파손,2023-05-31
2022-07-21,새말로117-23,도로파손,2023-05-31
2022-07-21,고척로216,도로파손,2023-05-31
2022-07-21,도림로20길11,도로파손,2023-05-31
2022-07-21,구로중앙로47,도로파손,2023-05-31
2022-07-21,구로동37-3,도로파손,2023-05-31
2022-07-21,공원로8길45~55,도로파손,2023-05-31
2022-07-21,개봉로23가길28,도로파손,2023-05-31
2022-07-22,천왕로63,도로파손,2023-05-31
2022-07-22,시흥대로161가길23-8,도로파손,2023-05-31
2022-07-22,구로동222-22,도로파손,2023-05-31
2022-07-22,구로동로5길2,도로파손,2023-05-31
2022-07-22,구로중앙로26길32,도로파손,2023-05-31
2022-07-25,디지털로32다길46-13,도로파손,2023-05-31
2022-07-25,디지털로31길12,도로파손,2023-05-31
2022-07-25,공원로3,도로파손,2023-05-31
2022-07-25,고척로52길53,도로파손,2023-05-31
2022-07-25,새말로93,도로파손,2023-05-31
2022-07-25,디지털로33길3-1,도로파손,2023-05-31
2022-07-25,구로동로28길33-18,도로파손,2023-05-31
2022-07-25,도림로3길34,도로파손,2023-05-31
2022-07-25,구로동681-1,도로파손,2023-05-31
2022-07-26,시흥대로161가길23-8,도로파손,2023-05-31
2022-07-26,구로동로42길28,도로파손,2023-05-31
2022-07-26,구로중앙로58,도로파손,2023-05-31
2022-07-26,천왕동282-10,도로파손,2023-05-31
2022-07-26,신도림로19길53,도로파손,2023-05-31
2022-07-26,구로동로28길64-13,도로파손,2023-05-31
2022-07-27,경인로35길52-24,도로파손,2023-05-31
2022-07-27,경인로31길3,도로파손,2023-05-31
2022-07-27,구로동1209,도로파손,2023-05-31
2022-07-27,구로중앙로10길26,도로파손,2023-05-31
2022-07-27,고척로184,도로파손,2023-05-31
2022-08-01,경인로31길48,도로파손,2023-05-31
2022-08-01,경인로47다길11-6,도로파손,2023-05-31
2022-08-01,구로중앙로28길22-3,도로파손,2023-05-31
2022-08-02,부일로933,도로파손,2023-05-31
2022-08-02,부일로883,도로파손,2023-05-31
2022-08-02,부일로1가길26-12,도로파손,2023-05-31
2022-08-02,부일로957,도로파손,2023-05-31
2022-08-02,구일로94,도로파손,2023-05-31
2022-08-02,고척로10길7-31,도로파손,2023-05-31
2022-08-02,개봉동98-29,도로파손,2023-05-31
2022-08-02,가마산로19길27,도로파손,2023-05-31
2022-08-02,경인로43,도로파손,2023-05-31
2022-08-03,부일로927,도로파손,2023-05-31
2022-08-03,디지털로27길53,도로파손,2023-05-31
2022-08-03,경인로53길37,도로파손,2023-05-31
2022-08-03,경인로53길109,도로파손,2023-05-31
2022-08-03,신도림로7길45,도로파손,2023-05-31
2022-08-03,경인로35길16,도로파손,2023-05-31
2022-08-03,부일로927,도로파손,2023-05-31
2022-08-03,부일로883,도로파손,2023-05-31
2022-08-03,중앙로12길12,도로파손,2023-05-31
2022-08-03,부일로1나길22-13,도로파손,2023-05-31
2022-08-04,중앙로6길22,도로파손,2023-05-31
2022-08-04,경인로31길5,도로파손,2023-05-31
2022-08-04,남부순환로775,도로파손,2023-05-31
2022-08-04,벚꽃로484,도로파손,2023-05-31
2022-08-04,경인로373,도로파손,2023-05-31
2022-08-04,구로중앙로7,도로파손,2023-05-31
2022-08-04,구로동로7,도로파손,2023-05-31
2022-08-05,부일로933,도로파손,2023-05-31
2022-08-05,구로동736-7,도로파손,2023-05-31
2022-08-05,새말로20길,도로파손,2023-05-31
2022-08-05,신도림버스회차지점,도로파손,2023-05-31
2022-08-05,구로중앙로10,도로파손,2023-05-31
2022-08-08,개봉로12길44,도로파손,2023-05-31
2022-08-08,구로동로42길30-10,도로파손,2023-05-31
2022-08-08,디지털로32나길17-28,도로파손,2023-05-31
2022-08-08,오리로1102-8,도로파손,2023-05-31
2022-08-08,구로큰길2지하차도,도로파손,2023-05-31
2022-08-08,신도림역교차로-새말로20길방면,도로파손,2023-05-31
2022-08-08,중앙로10-15,도로파손,2023-05-31
2022-08-08,구로중앙로20-1,도로파손,2023-05-31
2022-08-08,구로중앙로7,도로파손,2023-05-31
2022-08-08,도림로20길11,도로파손,2023-05-31
2022-08-08,새말로120,도로파손,2023-05-31
2022-08-08,안양천로539길11,도로파손,2023-05-31
2022-08-09,가리봉동136-35,도로파손,2023-05-31
2022-08-09,고척동327,도로파손,2023-05-31
2022-08-09,구로동로22길69-11,도로파손,2023-05-31
2022-08-09,고척로238,도로파손,2023-05-31
2022-08-09,고척로191,도로파손,2023-05-31
2022-08-09,고척로195,도로파손,2023-05-31
2022-08-09,고척로183,도로파손,2023-05-31
2022-08-09,가리봉동135-11,도로파손,2023-05-31
2022-08-09,천왕역2번출구,도로파손,2023-05-31
2022-08-10,도림로3길14,도로파손,2023-05-31
2022-08-10,구로동642-8,도로파손,2023-05-31
2022-08-10,고척로39길48,도로파손,2023-05-31
2022-08-10,고척동327,도로파손,2023-05-31
2022-08-10,신도림동329-2,도로파손,2023-05-31
2022-08-10,구로동152-6(x)(도림로97 ㅇ),도로파손,2023-05-31
2022-08-10,고척로39길48와고척로39길47-3사잇길,도로파손,2023-05-31
2022-08-10,새말로117-23,도로파손,2023-05-31
2022-08-10,구로동1-4,도로파손,2023-05-31
2022-08-10,도림로97,도로파손,2023-05-31
2022-08-10,궁동213-47,도로파손,2023-05-31
2022-08-10,고척로183,도로파손,2023-05-31
2022-08-10,고척로213,도로파손,2023-05-31
2022-08-10,경인로3길지하64(온수동7번출구),도로파손,2023-05-31
2022-08-10,부일로1길11,도로파손,2023-05-31
2022-08-10,궁동청소년문화의집 구로검사소,도로파손,2023-05-31
2022-08-10,부일로930,도로파손,2023-05-31
2022-08-10,부일로934,도로파손,2023-05-31
2022-08-10,부일로886,도로파손,2023-05-31
2022-08-10,부일로888,도로파손,2023-05-31
2022-08-10,부일로847,도로파손,2023-05-31
2022-08-10,부일로879,도로파손,2023-05-31
2022-08-10,부일로925,도로파손,2023-05-31
2022-08-10,부일로927,도로파손,2023-05-31
2022-08-10,부일로929,도로파손,2023-05-31
2022-08-10,부일로931,도로파손,2023-05-31
2022-08-10,부일로937,도로파손,2023-05-31
2022-08-10,부일로943,도로파손,2023-05-31
2022-08-10,부일로15가길3,도로파손,2023-05-31
2022-08-10,부일로985,도로파손,2023-05-31
2022-08-10,부일로933,도로파손,2023-05-31
2022-08-10,부일로9길137,도로파손,2023-05-31
2022-08-10,부일로9길69,도로파손,2023-05-31
2022-08-10,온수동9-19,도로파손,2023-05-31
2022-08-11,신도림동692,도로파손,2023-05-31
2022-08-11,구로중앙로31길30,도로파손,2023-05-31
2022-08-11,안양천로539길6,도로파손,2023-05-31
2022-08-11,가리봉동123-49,도로파손,2023-05-31
2022-08-11,구일로52,도로파손,2023-05-31
2022-08-11,부일로933,도로파손,2023-05-31
2022-08-11,부일로927,도로파손,2023-05-31
2022-08-11,부일로883,도로파손,2023-05-31
2022-08-11,부일로7길3,도로파손,2023-05-31
2022-08-11,온수동럭비구장,도로파손,2023-05-31
2022-08-11,개봉로23가길37,도로파손,2023-05-31
2022-08-11,개봉로416-99,도로파손,2023-05-31
2022-08-11,개봉로24길8,도로파손,2023-05-31
2022-08-11,경인로35길40-35,도로파손,2023-05-31
2022-08-11,경인로20가길32,도로파손,2023-05-31
2022-08-11,오류동287-3,도로파손,2023-05-31
2022-08-11,항동234,도로파손,2023-05-31
2022-08-11,천왕로63,도로파손,2023-05-31
2022-08-11,개웅교주변,도로파손,2023-05-31
2022-08-11,오류로70,도로파손,2023-05-31
2022-08-11,개봉로12길13,도로파손,2023-05-31
2022-08-11,베다니교회,도로파손,2023-05-31
2022-08-11,가리봉동25-22,도로파손,2023-05-31
2022-08-11,구로동1125-12,도로파손,2023-05-31
2022-08-12,구로동로28길118,도로파손,2023-05-31
2022-08-12,도림로3길14,도로파손,2023-05-31
2022-08-12,중앙로15길125,도로파손,2023-05-31
2022-08-12,중앙로15길110,도로파손,2023-05-31
2022-08-12,도림로103,도로파손,2023-05-31
2022-08-12,도림로20길11,도로파손,2023-05-31
2022-08-12,도림로20길11,도로파손,2023-05-31
2022-08-12,구로중앙로48,도로파손,2023-05-31
2022-08-12,구로중앙로135-4,도로파손,2023-05-31
2022-08-12,구로중앙로134,도로파손,2023-05-31
2022-08-12,구로중앙로134,도로파손,2023-05-31
2022-08-12,구로중앙로152,도로파손,2023-05-31
2022-08-12,새말로17,도로파손,2023-05-31
2022-08-12,대림동629-12,도로파손,2023-05-31
2022-08-12,새말로120,도로파손,2023-05-31
2022-08-12,부일로957,도로파손,2023-05-31
2022-08-12,부일로957,도로파손,2023-05-31
2022-08-12,부일로927,도로파손,2023-05-31
2022-08-12,부일로893정진학교초입,도로파손,2023-05-31
2022-08-12,부일로893대로변,도로파손,2023-05-31
2022-08-12,부일로941,도로파손,2023-05-31
2022-08-12,안양천로539길6,도로파손,2023-05-31
2022-08-12,남부순환로1082-58,도로파손,2023-05-31
2022-08-12,부일로9길69,도로파손,2023-05-31
2022-08-12,부일로965,도로파손,2023-05-31
2022-08-12,부일로933,도로파손,2023-05-31
2022-08-12,부일로985,도로파손,2023-05-31
2022-09-01,개봉동181-9,도로파손,2023-05-31
2022-09-01,구로중앙로37길구로기계공구상가,도로파손,2023-05-31
2022-09-01,오류2동주민센터(오류로45),도로파손,2023-05-31
2022-09-01,구로동106-8,도로파손,2023-05-31
2022-09-01,경인로66길19,도로파손,2023-05-31
2022-09-01,도림로100,도로파손,2023-05-31
2022-09-02,구일로10길53,도로파손,2023-05-31
2022-09-02,구일로8길63,도로파손,2023-05-31
2022-09-06,신도림동324-13,"도로파손, 경계석파손",2023-05-31
2022-09-06,구로동496-128,도로파손,2023-05-31
2022-09-06,구로동25-1구로노인종합복지관,도로파손,2023-05-31
2022-09-06,도림로100,도로파손,2023-05-31
2022-09-06,도림로97,도로파손,2023-05-31
2022-09-06,개봉푸르지오17217,도로파손,2023-05-31
2022-09-06,구로리공원,도로파손,2023-05-31
2022-09-06,구일로10길53,도로파손,2023-05-31
2022-09-06,궁동청소년17181,도로파손,2023-05-31
2022-09-06,천왕로257-12,도로파손,2023-05-31
2022-09-06,구로지하차도,도로파손,2023-05-31
2022-09-07,경인로35길55,도로파손,2023-05-31
2022-09-07,부일로933,도로파손,2023-05-31
2022-09-07,경인로8길64,도로파손,2023-05-31
2022-09-07,부일로985,도로파손,2023-05-31
2022-09-07,부일로967,도로파손,2023-05-31
2022-09-07,경인로3길27,도로파손,2023-05-31
2022-09-07,오리로10길44-37,도로파손,2023-05-31
2022-09-07,구로중앙로27-1,도로파손,2023-05-31
2022-09-07,구로중앙로31길34,도로파손,2023-05-31
2022-09-07,도림로20길11,도로파손,2023-05-31
2022-09-07,고척로194,도로파손,2023-05-31
2022-09-07,도림로100,도로파손,2023-05-31
2022-09-07,도림로97,도로파손,2023-05-31
2022-09-07,새말로117-6,도로파손,2023-05-31
2022-09-07,구로중앙로32길12,도로파손,2023-05-31
2022-09-07,구로중앙로42길64,도로파손,2023-05-31
2022-09-07,오리로22다길40,도로파손,2023-05-31
2022-09-08,구로동222-3,도로파손,2023-05-31
2022-09-08,고척로233,도로파손,2023-05-31
2022-09-08,고척동186-4,도로파손,2023-05-31
2022-09-08,오리로23길14-29,도로파손,2023-05-31
2022-09-08,구로중앙로25,도로파손,2023-05-31
2022-09-08,구로중앙로29,도로파손,2023-05-31
2022-09-13,구일로110,도로파손,2023-05-31
2022-09-13,경인로661,도로파손,2023-05-31
2022-09-13,고척로5길53,도로파손,2023-05-31
2022-09-13,공원로22,도로파손,2023-05-31
2022-09-13,새말로120,도로파손,2023-05-31
2022-09-13,경인로53길135,도로파손,2023-05-31
2022-09-13,경인로63길135,도로파손,2023-05-31
2022-09-13,새말로117-23,도로파손,2023-05-31
2022-09-13,새말로120,도로파손,2023-05-31
2022-09-13,구로중앙로42길6,도로파손,2023-05-31
2022-09-13,고척로231,도로파손,2023-05-31
2022-09-13,도림로20길11,도로파손,2023-05-31
2022-09-13,궁동252-33,도로파손,2023-05-31
2022-09-13,개봉동416-99,도로파손,2023-05-31
2022-09-13,경인로47길54,도로파손,2023-05-31
2022-09-14,오리로22길5,도로파손,2023-05-31
2022-09-14,광남로,도로파손,2023-05-31
2022-09-14,도림로75-1,도로파손,2023-05-31
2022-09-14,도영로2-5,도로파손,2023-05-31
2022-09-14,시흥대로161길50,도로파손,2023-05-31
2022-09-14,중앙로14길7,도로파손,2023-05-31
2022-09-14,중앙로6길5-15,도로파손,2023-05-31
2022-09-14,고척로203,도로파손,2023-05-31
2022-09-14,고척로209,도로파손,2023-05-31
2022-09-14,고척로231,도로파손,2023-05-31
2022-09-14,안양천로537가길34,도로파손,2023-05-31
2022-09-14,구로동17-1,도로파손,2023-05-31
2022-09-15,신도림 버스환승센터,도로파손,2023-05-31
2022-09-15,신도림로11길2,도로파손,2023-05-31
2022-09-15,도영로2-5,도로파손,2023-05-31
2022-09-15,천왕로9,도로파손,2023-05-31
2022-09-15,구일로68,도로파손,2023-05-31
2022-09-15,구일로110,도로파손,2023-05-31
2022-09-15,고척동62-18,도로파손,2023-05-31
2022-09-15,구로동313-43,도로파손,2023-05-31
2022-09-16,디지털로26길72,도로파손,2023-05-31
2022-09-16,고척로52길22,도로파손,2023-05-31
2022-09-16,구로중앙로43,도로파손,2023-05-31
2022-09-16,우마1나길6,도로파손,2023-05-31
2022-09-16,디지털로21길6,도로파손,2023-05-31
2022-09-16,도림천로378,도로파손,2023-05-31
2022-09-16,신도림로13길73,도로파손,2023-05-31
2022-09-16,중앙로14길7,도로파손,2023-05-31
2022-09-16,경인로35길113-19,도로파손,2023-05-31
2022-09-19,구로동568-2,도로파손,2023-05-31
2022-09-19,구로동1-4,도로파손,2023-05-31
2022-09-19,디지털로26길87,도로파손,2023-05-31
2022-09-19,개봉로23길48,경계석과 도로턱 완만하게,2023-05-31
2022-09-19,오류2동주민센터,도로파손,2023-05-31
2022-09-19,오리로1316,도로파손,2023-05-31
2022-09-19,경인로59길8,도로파손,2023-05-31
2022-09-19,경서로1길14,도로파손,2023-05-31
2022-09-19,온수동119,도로파손,2023-05-31
2022-09-20,개봉로16길9,도로파손,2023-05-31
2022-09-20,구로동429-242,도로파손,2023-05-31
2022-09-20,신도림동413-48,도로파손,2023-05-31
2022-09-20,중앙로60,도로파손,2023-05-31
2022-09-20,개봉동38-47,도로파손,2023-05-31
2022-09-21,구일로2길18,도로파손,2023-05-31
2022-09-21,구로동35-5,도로파손,2023-05-31
2022-09-22,도림로6,도로파손,2023-05-31
2022-09-22,구로동180-16,도로파손,2023-05-31
2022-09-22,경인로47길126,도로파손,2023-05-31
2022-09-23,새말로16길7,도로파손,2023-05-31
2022-09-23,궁동213-23,도로파손,2023-05-31
2022-09-23,경인로66길19,도로파손,2023-05-31
2022-09-23,구로중앙로42길42,도로파손,2023-05-31
2022-09-23,개봉동335-36,도로파손,2023-05-31
2022-09-25,중앙로8길34,도로파손,2023-05-31
2022-09-25,신도림로11라길13,도로파손,2023-05-31
2022-09-25,고척로16길37-5,도로파손,2023-05-31
2022-09-26,경인로321-1,도로파손,2023-05-31
2022-09-26,경인로121,도로파손,2023-05-31
2022-09-26,천왕로92,도로파손,2023-05-31
2022-09-26,남부순환로105길202,도로파손,2023-05-31
2022-09-26,경인로40길41-1,도로파손,2023-05-31
2022-09-26,구로동로15길25,도로파손,2023-05-31
2022-09-26,궁동232,도로파손,2023-05-31
2022-09-27,개봉동50-44,도로파손,2023-05-31
2022-09-27,서해안로24길22,도로파손,2023-05-31
2022-09-27,신도림로56-24,도로파손,2023-05-31
2022-09-27,도림로104,도로파손,2023-05-31
2022-09-27,도림로20길11,도로파손,2023-05-31
2022-09-27,구로동603-48,도로파손,2023-05-31
2022-09-27,공원로6나길49-12,도로파손,2023-05-31
2022-09-27,신도림동397-32,도로파손,2023-05-31
2022-09-27,구로동317-64,도로파손,2023-05-31
2022-09-27,구로동로8길91,도로파손,2023-05-31
2022-09-27,오리로9길42,도로파손,2023-05-31
2022-09-28,구로동611-6,도로파손,2023-05-31
2022-09-28,중앙로37,도로파손,2023-05-31
2022-09-29,개봉동5-19,도로파손,2023-05-31
2022-09-29,고척로191,도로파손,2023-05-31
2022-09-29,고척로279,도로파손,2023-05-31
2022-09-30,고척동62-126,도로파손,2023-05-31
2022-09-30,고척동168-83,도로파손,2023-05-31
2022-09-30,중앙로15길125,도로파손,2023-05-31
2022-09-30,구로중앙로25길26,도로파손,2023-05-31
2022-09-30,가마산로245,도로파손,2023-05-31
2022-09-30,경인로445-1,도로파손,2023-05-31
2022-09-30,구로동72-9,도로파손,2023-05-31
2022-10-04,구로중앙로10,도로파손,2023-05-31
2022-10-04,도림로75-11,도로파손,2023-05-31
2022-10-04,부일로941,도로파손,2023-05-31
2022-10-04,구로동로43길,도로파손,2023-05-31
2022-10-04,도림로104,도로파손,2023-05-31
2022-10-04,구로중앙로31길18,도로파손,2023-05-31
2022-10-05,구로동141-3,도로파손,2023-05-31
2022-10-05,부일로815번길93,도로파손,2023-05-31
2022-10-05,부일로1가길18-18,도로파손,2023-05-31
2022-10-05,부일로815번길56-20,도로파손,2023-05-31
2022-10-05,부일로1길31-22,도로파손,2023-05-31
2022-10-05,부일로1나길22-32,도로파손,2023-05-31
2022-10-05,부일로1가길34,도로파손,2023-05-31
2022-10-05,부일로1가길34,도로파손,2023-05-31
2022-10-05,부일로1가길42,도로파손,2023-05-31
2022-10-05,부일로1가길42-4,도로파손,2023-05-31
2022-10-05,부일로1가길42-4,도로파손,2023-05-31
2022-10-05,부일로1가길50,도로파손,2023-05-31
2022-10-05,부일로1가길54,도로파손,2023-05-31
2022-10-05,부일로1나길22-6,도로파손,2023-05-31
2022-10-05,부일로1나길28,도로파손,2023-05-31
2022-10-05,부일로1나길28,도로파손,2023-05-31
2022-10-05,도림로97,도로파손,2023-05-31
2022-10-05,천왕동282-13,도로파손,2023-05-31
2022-10-05,경인로47길67,도로파손,2023-05-31
2022-10-06,구로동313-130,도로파손,2023-05-31
2022-10-06,구로중앙로27,도로파손,2023-05-31
2022-10-06,디지털로26길72,도로파손,2023-05-31
2022-10-06,가리봉동105-20,도로파손,2023-05-31
2022-10-12,고척로27바길37-12,도로파손,2023-05-31
2022-10-12,궁동136-4,도로파손,2023-05-31
2022-10-12,부일로1가길18-26,도로파손,2023-05-31
2022-10-13,경인로435,도로파손,2023-05-31
2022-10-13,구로중앙로26가길18-13,도로파손,2023-05-31
2022-10-13,구로동로5길20,도로파손,2023-05-31
2022-10-13,구로중앙로33,도로파손,2023-05-31
2022-10-13,구로중앙로35,도로파손,2023-05-31
2022-10-13,구로중앙로36,도로파손,2023-05-31
2022-10-13,구로중앙로48,도로파손,2023-05-31
2022-10-14,구로동611-6,도로파손,2023-05-31
2022-10-14,구로동로22길88,도로파손,2023-05-31
2022-10-14,구로동로96-2,도로파손,2023-05-31
2022-10-14,구일로4길22,도로파손,2023-05-31
2022-10-14,구일로4길57,도로파손,2023-05-31
2022-10-14,오류로51,도로파손,2023-05-31
2022-10-14,고척동40-1,도로파손,2023-05-31
2022-10-17,고척동158-2,도로파손,2023-05-31
2022-10-17,고척로21길49,도로파손,2023-05-31
2022-10-17,신도림로56-24,도로파손,2023-05-31
2022-10-17,고척로45길1,도로파손,2023-05-31
2022-10-17,부일로893,도로파손,2023-05-31
2022-10-17,구로동1-34,도로파손,2023-05-31
2022-10-17,구로동1-4,도로파손,2023-05-31
2022-10-17,천왕동278-3,도로파손,2023-05-31
2022-10-17,신도림로11라길20,도로파손,2023-05-31
2022-10-18,가마산로245,도로파손,2023-05-31
2022-10-18,구로중앙로27,도로파손,2023-05-31
2022-10-18,고척로115-2,도로파손,2023-05-31
2022-10-18,고척로190,도로파손,2023-05-31
2022-10-18,구일로4길65,도로파손,2023-05-31
2022-10-18,가마산로286,도로파손,2023-05-31
2022-10-18,구로중앙로18길68,도로파손,2023-05-31
2022-10-18,새말로8길11,도로파손,2023-05-31
2022-10-18,공원로7길23-30,도로파손,2023-05-31
2022-10-18,경서로7가길26-10,도로파손,2023-05-31
2022-10-18,구로중앙로12길13-26,도로파손,2023-05-31
2022-10-19,고척로21길49,도로파손,2023-05-31
2022-10-19,구로동로21길8,도로파손,2023-05-31
2022-10-19,구로중앙로28길59,도로파손,2023-05-31
2022-10-21,천왕로50,도로파손,2023-05-31
2022-10-21,부일로965,도로파손,2023-05-31
2022-10-24,고척로30길30,도로파손,2023-05-31
2022-10-24,개봉로23가길37,도로파손,2023-05-31
2022-10-24,부일로985,도로파손,2023-05-31
2022-10-24,부일로15가길3,도로파손,2023-05-31
2022-10-24,온수동99-1,도로파손,2023-05-31
2022-10-24,구로동로5길6-13,도로파손,2023-05-31
2022-10-25,경인로47길150,"측구,도로파손",2023-05-31
2022-10-25,부일로1길110,도로파손,2023-05-31
2022-10-26,공원로7,도로파손,2023-05-31
2022-10-26,경인로53길103,도로파손,2023-05-31
2022-10-26,경인로51길94,도로파손,2023-05-31
2022-10-26,고척동43-40,도로파손,2023-05-31
2022-10-31,디지털로32길97-15,도로파손,2023-05-31
2022-10-31,디지털로32길93,도로파손,2023-05-31
2022-11-01,고척로115-2,도로파손,2023-05-31
2022-11-01,고척로192,도로파손,2023-05-31
2022-11-01,공원로41,도로파손,2023-05-31
2022-11-01,구로동로42길13,도로파손,2023-05-31
2022-11-01,신도림동365-4,도로파손,2023-05-31
2022-11-02,부일로855,도로파손,2023-05-31
2022-11-02,개봉동27-7,도로파손,2023-05-31
2022-11-02,가마산로22길32,도로파손,2023-05-31
2022-11-03,미래초등학교앞 교차로 횡단보도,도로파손,2023-05-31
2022-11-03,공원로26,도로파손,2023-05-31
2022-11-04,경인로74다길4,도로파손,2023-05-31
2022-11-07,연동로13길56,도로파손,2023-05-31
2022-11-07,시흥대로577-11,도로파손,2023-05-31
2022-11-07,천왕동277-4,도로파손,2023-05-31
2022-11-07,개봉동33-161,도로파손,2023-05-31
2022-11-07,구로동772,도로파손,2023-05-31
2022-11-07,구로동50-1,도로파손,2023-05-31
2022-11-09,오리로9길39,도로파손,2023-05-31
2022-11-09,개봉로12길5-4,도로파손,2023-05-31
2022-11-09,구로중앙로30,도로파손,2023-05-31
2022-11-09,구로중앙로4,도로파손,2023-05-31
2022-11-09,구로중앙로75,도로파손,2023-05-31
2022-11-09,고척로115-2,도로파손,2023-05-31
2022-11-10,오리로1197,도로파손,2023-05-31
2022-11-11,고척로195,도로파손,2023-05-31
2022-11-14,천왕동63-5,도로파손,2023-05-31
2022-11-14,천왕동63-5,도로파손,2023-05-31
2022-11-14,새말로25,도로파손,2023-05-31
2022-11-14,신도림로51,도로파손,2023-05-31
2022-11-14,신도림로56-24,도로파손,2023-05-31
2022-11-14,구로중앙로218,도로파손,2023-05-31
2022-11-15,고척로208,도로파손,2023-05-31
2022-11-15,공원로7길12,도로파손,2023-05-31
2022-11-15,구로동로13길37,도로파손,2023-05-31
2022-11-15,신도림동412-4,도로파손,2023-05-31
2022-11-16,가마산로22길32,도로파손,2023-05-31
2022-11-16,구로중앙로26가길18-13,도로파손,2023-05-31
2022-11-16,구로중앙로34길33-36,도로파손,2023-05-31
2022-11-16,경인로215,도로파손,2023-05-31
2022-11-16,고산초 뒷편,도로파손,2023-05-31
2022-11-17,천왕로92,도로파손,2023-05-31
2022-11-17,고척로52길48,도로파손,2023-05-31
2022-11-17,구로중앙로28다길5,도로파손,2023-05-31
2022-11-17,구로중앙로68,도로파손,2023-05-31
2022-11-17,구로동로17길36,도로파손,2023-05-31
2022-11-17,구로동1119,도로파손,2023-05-31
2022-11-18,구로동로42길30-15,도로파손,2023-05-31
2022-11-18,새말로117-6,도로파손,2023-05-31
2022-11-21,경인로67길67-35,도로파손,2023-05-31
2022-11-21,구로중앙로43,도로파손,2023-05-31
2022-11-21,구로동50-12,도로파손,2023-05-31
2022-11-22,구로동772,도로파손,2023-05-31
2022-11-22,신도림동418-6,도로파손,2023-05-31
2022-11-22,오리로11길33,도로파손,2023-05-31
2022-11-23,디지털로32길97-6,도로파손,2023-05-31
2022-11-24,천왕로29,도로파손,2023-05-31
2022-11-25,경인로408,도로파손,2023-05-31
2022-11-26,구일로4길 57,도로파손,2023-05-31
2022-11-28,새말로18길,도로파손,2023-05-31
2022-11-29,오류동 6-41,도로파손,2023-05-31
2022-11-29,천왕로 59,도로파손,2023-05-31
2022-12-01,궁동 2-3,도로파손,2023-05-31
2022-12-01,구로동 473-13,도로파손,2023-05-31
2022-12-13,안양천로537나길,도로파손,2023-05-31
2022-12-16,남부순환로97길 20-7,도로파손,2023-05-31
2022-12-16,개봉동 308-10,도로파손,2023-05-31
2022-12-17,구로중앙로 152,도로파손,2023-05-31
2022-12-17,개봉로3길 94,도로파손,2023-05-31
2022-12-20,경서로7가길 5,도로파손,2023-05-31
2022-12-23,부일로 933,도로파손,2023-05-31
2022-12-26,구로동 429-94,도로파손,2023-05-31
2022-12-27,구로동로5길 6-18,도로파손,2023-05-31
2022-12-28,신도림로 11,도로파손,2023-05-31
2022-12-30,고척로45길 75-8,도로파손,2023-05-31
2023-01-03,구로동 685-500,도로파손,2023-05-31
2023-01-04,궁동 197-10,도로파손,2023-05-31
2023-01-11,중앙로15길 98-12,도로파손,2023-05-31
2023-01-15,경인로 90,도로파손,2023-05-31
2023-01-16,구로동 65,도로파손,2023-05-31
2023-01-16,구로동 65,도로파손,2023-05-31
2023-01-16,고척동 306,도로파손,2023-05-31
2023-01-16,도림로 49-1,도로파손,2023-05-31
2023-01-17,오류동 218-4,도로파손,2023-05-31
2023-01-18,부일로 933,도로파손,2023-05-31
2023-01-18,구로중앙로 34,도로파손,2023-05-31
2023-01-19,천왕동 266-5,도로파손,2023-05-31
2023-01-20,오류동 19-2,도로파손,2023-05-31
2023-01-20,경인로 65길 16-15,도로파손,2023-05-31
2023-01-27,온수동 73-1,도로파손,2023-05-31
2023-01-30,연동로 288,도로파손,2023-05-31
2023-01-30,구로동로 5,도로파손,2023-05-31
2023-01-30,구로동로 11길 1-10,도로파손,2023-05-31
2023-01-31,연동로 195,도로파손,2023-05-31
2023-02-01,경인로53가길 20,도로파손,2023-05-31
2023-02-02,고척로6길 5,도로파손,2023-05-31
2023-02-02,온수동 119-4,도로파손,2023-05-31
2023-02-03,서부샛길 822,도로파손,2023-05-31
2023-02-04,가마산로 87,도로파손,2023-05-31
2023-02-06,경인로43길 68,도로파손,2023-05-31
2023-02-09,고척로27바길 37-12,도로파손,2023-05-31
2023-02-09,오리로11길 57,도로파손,2023-05-31
2023-02-09,경인로35길 32-6,도로파손,2023-05-31
2023-02-09,고척로 186,도로파손,2023-05-31
2023-02-09,경인로 290-42,도로파손,2023-05-31
2023-02-10,신도림로 78,도로파손,2023-05-31
2020-02-11,개봉로20길 14,도로파손,2023-05-31
2023-02-14,오리로23길 14-47,도로파손,2023-05-31
2023-02-18,구로동 65,도로파손,2023-05-31
2023-02-20,궁동 202-2,도로파손,2023-05-31
2023-02-20,수궁동주민센터 앞,도로파손,2023-05-31
2023-02-23,중앙로14나길30,도로파손,2023-05-31
2023-02-23,경인로47길134,도로파손,2023-05-31
2023-02-24,개봉로3길 109,도로파손,2023-05-31
2023-03-01,서울특별시 구로구 개봉로3길 87 개봉한진아파트,도로파손,2023-05-31
2023-03-01,서울특별시 구로구 개봉로3길 87 개봉한진아파트,도로파손,2023-05-31
2023-03-01,서울특별시 구로구 개봉로3길 87,도로파손,2023-05-31
2023-03-01,서울특별시 구로구 개봉로3길 87,도로파손,2023-05-31
2023-03-01,서울특별시 구로구 개봉로3길 87,도로파손,2023-05-31
2023-03-01,서울특별시 구로구 개봉로3길 87 개봉한진아파트,도로파손,2023-05-31
2023-03-02,구로구 새말로 48(구로동 557-11) 맞은편 도로 3차로상,도로파손,2023-05-31
2023-03-02,서울특별시 구로구 개봉로3길 87,도로파손,2023-05-31
2023-03-02,서울특별시 구로구 개봉로3길 87,도로파손,2023-05-31
2023-03-02,서울특별시 구로구 개봉로3길 87 개봉한진아파트,도로파손,2023-05-31
2023-03-02,서울특별시 구로구 개봉로3길 87,도로파손,2023-05-31
2023-03-02,서울특별시 구로구 개봉로3길 87 개봉한진아파트,도로파손,2023-05-31
2023-03-02,서울특별시 구로구 개봉로3길 87,도로파손,2023-05-31
2023-03-02,서울특별시 구로구 개봉로3길 87 개봉한진아파트,도로파손,2023-05-31
2023-03-02,서울특별시 구로구 개봉로1길 40,도로파손,2023-05-31
2023-03-02,서울특별시 구로구 개봉로3길 87,도로파손,2023-05-31
2023-03-02,서울특별시 구로구 개봉로1길 116,도로파손,2023-05-31
2023-03-02,서울특별시 구로구 개봉로1길 14 개화빌라트,도로파손,2023-05-31
2023-03-02,서울특별시 구로구 개봉로3길 18,도로파손,2023-05-31
2023-03-02,서울특별시 구로구 중앙로6길 9,도로파손,2023-05-31
2023-03-03,서울특별시 구로구 개봉로1길 14 개화빌라트,도로파손,2023-05-31
2023-03-03,서울특별시 구로구 개봉로16길 37,도로파손,2023-05-31
2023-03-03,서울특별시 구로구 개봉로 72,도로파손,2023-05-31
2023-03-03,서울특별시 구로구 개봉로20길 14,도로파손,2023-05-31
2023-03-03,서울특별시 구로구 개봉로17나길 63,도로파손,2023-05-31
2023-03-03,서울특별시 구로구 개봉로17나길 67,도로파손,2023-05-31
2023-03-03,서울특별시 구로구 개봉로17아길 16,도로파손,2023-05-31
2023-03-03,서울특별시 구로구 개봉로17길 69,도로파손,2023-05-31
2023-03-03,서울특별시 구로구 개봉로15길 68-14,도로파손,2023-05-31
2023-03-03,서울특별시 구로구 개봉로15길 68-20,도로파손,2023-05-31
2023-03-03,서울특별시 구로구 개봉로15길 53,도로파손,2023-05-31
2023-03-03,서울특별시 구로구 개봉로11길 35,도로파손,2023-05-31
2023-03-03,서울특별시 구로구 개봉로1길 158,도로파손,2023-05-31
2023-03-03,서울특별시 구로구 개봉로1길 148,도로파손,2023-05-31
2023-03-03,서울특별시 구로구 개봉로1다길 13-2 해오름3차,도로파손,2023-05-31
2023-03-03,서울특별시 구로구 개봉로1길 40,도로파손,2023-05-31
2023-03-03,서울특별시 구로구 개봉로11길 75-22,도로파손,2023-05-31
2023-03-04,구로구 부일로 949 (궁동 204-4),도로파손,2023-05-31
2023-03-05,서울특별시 구로구 구로동 681-11,도로파손,2023-05-31
2023-03-06,구로구 중앙로15길 73,도로파손,2023-05-31
2023-03-06,서울특별시 구로구 오류로 52,도로파손,2023-05-31
2023-03-07,서울특별시 구로구 개봉로10길 12-8,도로파손,2023-05-31
2023-03-07,서울특별시 구로구 목동남로 10-2,도로파손,2023-05-31
2023-03-07,구로구 디지털로32길 43 이마트 구로점 앞 도로,도로파손,2023-05-31
2023-03-08,서울특별시 구로구 도림로 49-1,도로파손,2023-05-31
2023-03-08,서울특별시 구로구 오리로10길 44-37,도로파손,2023-05-31
2023-03-11,서울특별시 구로구 개봉로3길 6,도로파손,2023-05-31
2023-03-14,서울특별시 구로구 중앙로14길 15,도로파손,2023-05-31
2023-03-15,서울특별시 구로구 오리로10길 44-37,도로파손,2023-05-31
2023-03-15,서울특별시 구로구 개봉로6길 25-2,도로파손,2023-05-31
2023-03-15,구로구 중앙로15길 100-76 (고척동 100-76) ,도로파손,2023-05-31
2023-03-17,서울특별시 구로구 중앙로14길 25,도로파손,2023-05-31
2023-03-20,서울특별시 구로구 도림로20길 30,도로파손,2023-05-31
2023-03-20,구로구 고척로16길 45 (오류동 31-72)앞 ,도로파손,2023-05-31
2023-03-24,구로구 궁동 175-7 이면도로가 내려 앉은 것 같다며 보수요청,도로파손,2023-05-31
2023-03-27,서울특별시 구로구 구로동로 147 MEDI FLOWER 147,도로파손,2023-05-31
2023-03-27,서울특별시 구로구 고척로 218,도로파손,2023-05-31
2023-03-28,구로구 신도림로 7 앞 신도림로 (구로역으로 좌회전하는 차선)  도로 침하 신고  ,도로파손,2023-05-31
2023-03-29,서울특별시 구로구 오리로 1154-19,도로파손,2023-05-31
2023-03-29,시흥대로 569(구로동 1125-2) 앞 오른편 하수구 옆 보도블럭,도로파손,2023-05-31
2023-03-30,경인로67길,도로파손,2023-05-31
2023-03-30,서울특별시 구로구 개봉로3길 31,도로파손,2023-05-31
2023-03-30,구로구 안양천로537나길 42-1 앞 경계석,도로파손,2023-05-31
2023-04-01,구로구 개봉로20길 66 옆 청년행복주택 공사장,도로파손,2023-05-31
2023-04-04,서울특별시 구로구 개봉로3길 31,도로파손,2023-05-31
2023-04-05,구로구 개봉로20길 66 옆 청년행복주택 공사장,도로파손,2023-05-31
2023-04-05,서울특별시 구로구 개봉로3길 31,도로파손,2023-05-31
2023-04-05,서울특별시 구로구 개봉로3길 31,도로파손,2023-05-31
2023-04-05,서울특별시 구로구 개봉로3길 31,도로파손,2023-05-31
2023-04-05,서울특별시 구로구 경인로47길 150,도로파손,2023-05-31
2023-04-06,서울특별시 구로구 디지털로26길 87,도로파손,2023-05-31
2023-04-07,서울특별시 구로구 구일로4길 22,도로파손,2023-05-31
2023-04-07,서울특별시 구로구 고척로20길 34,도로파손,2023-05-31
2023-04-07,서울특별시 구로구 중앙로15길 95,도로파손,2023-05-31
2023-04-10,서울특별시 구로구 고척로30길 13-13 제일교회,도로파손,2023-05-31
2023-04-10,구로구 신도림로11길 8 (신도림동 394-43)맨홀 옆으로 도로가 침하되고 있어서 현장 확인 조치 요청 문의 ,도로파손,2023-05-31
2023-04-11,경서로 82-4,도로파손,2023-05-31
2023-04-11,구로구 고척로 94-9,도로파손,2023-05-31
2023-04-12,구로구 구로동 466-251(구로동로35가길 19-39) 앞 라인 이면도로 보도블럭 노후로 교체 요청 ,도로파손,2023-05-31
2023-04-12,서울특별시 구로구 중앙로15길 132-60 한성아파트,도로파손,2023-05-31
2023-04-13,도림로12길 21-5 (구로동 781-21),도로파손,2023-05-31
2023-04-14,서울특별시 구로구 경인로 390,도로파손,2023-05-31
2023-04-14,구로동 1132-41,도로파손,2023-05-31
2023-04-14,서울특별시 구로구 새말로 120,도로파손,2023-05-31
2023-04-18,서울특별시 구로구 개봉로3길 87,도로파손,2023-05-31
2023-04-18,서울특별시 구로구 개봉로3길 87,도로파손,2023-05-31
2023-04-18,서울특별시 구로구 중앙로15길 73,도로파손,2023-05-31
2023-04-19,서울특별시 구로구 도림로10길 12,도로파손,2023-05-31
2023-04-19,서울특별시 구로구 디지털로27라길 36,도로파손,2023-05-31
2023-04-20,서울 구로구 구로동 413-13,도로파손,2023-05-31
2023-04-21,서울특별시 구로구 디지털로27길 57,도로파손,2023-05-31
2023-04-22,서울특별시 구로구 오리로 1197,도로파손,2023-05-31
2023-04-24,서울특별시 구로구 디지털로29길 38,도로파손,2023-05-31
2023-04-26,구로구 천왕로 10 이펜하우스   5단지~3단지까지,도로파손,2023-05-31
2023-04-26,서울특별시 구로구 디지털로29길 38,도로파손,2023-05-31
2023-04-28,구로구 고척동 산 9-14  후문 나오면 도로,도로파손,2023-05-31
2023-04-29,서울특별시 구로구 디지털로33길 58,도로파손,2023-05-31
2023-04-29,서울특별시 구로구 디지털로33길 58,도로파손,2023-05-31
2023-04-29,서울특별시 구로구 디지털로33길 27,도로파손,2023-05-31
2023-04-30,서울특별시 구로구 도림천로 446,도로파손,2023-05-31
2023-04-30,서울특별시 구로구 구로동로26길 111,도로파손,2023-05-31
2023-05-01,서울특별시 구로구 공원로6나길 11-6,도로파손,2023-05-31
2023-05-02,서울특별시 구로구 디지털로27길 86,도로파손,2023-05-31
2023-05-02,서울특별시 구로구 디지털로31길 120,도로파손,2023-05-31
2023-05-03,서울특별시 구로구 새말로 121-15,도로파손,2023-05-31
2023-05-07,서울특별시 구로구 구로중앙로9길 4,도로파손,2023-05-31
2023-05-07,서울특별시 구로구 디지털로33길 11,도로파손,2023-05-31
2023-05-07,서울특별시 구로구 디지털로27길 65,도로파손,2023-05-31
2023-05-07,서울특별시 구로구 디지털로27길 131,도로파손,2023-05-31
2023-05-09,서울특별시 구로구 경인로35길 52,도로파손,2023-05-31
2023-05-11,서울특별시 구로구 경서로 15,도로파손,2023-05-31
2023-05-11,서울특별시 구로구 디지털로29길 38,도로파손,2023-05-31
2023-05-12,서울시 구로구 고척로 233,도로파손,2023-05-31
2023-05-12,서울특별시 구로구 구일로8길 63,도로파손,2023-05-31
2023-05-14,서울특별시 구로구 구일로10길 27,도로파손,2023-05-31
2023-05-16,서울특별시 구로구 신도림로 20,도로파손,2023-05-31
2023-05-17,서울특별시 구로구 개봉로11길 79,도로파손,2023-05-31
2023-05-18,서울특별시 구로구 개봉로11길 18-7,도로파손,2023-05-31
2023-05-19,서울특별시 구로구 부일로 941,도로파손,2023-05-31
2023-05-20,서울특별시 구로구 디지털로34길 43,도로파손,2023-05-31
2023-05-20,서울특별시 구로구 디지털로 272,도로파손,2023-05-31
2023-05-20,서울특별시 구로구 신도림로7길 2,도로파손,2023-05-31
2023-05-23,서울특별시 구로구 구로중앙로 47,도로파손,2023-05-31
2023-05-23,서울특별시 구로구 구로중앙로22길 85-4,도로파손,2023-05-31
2023-05-23,구로구 구로동로12길65(구로동 741-39번지) 오르막길,도로파손,2023-05-31
2023-05-24,서울특별시 구로구 개봉로5길 23 명문아이빌,도로파손,2023-05-31
2023-05-25,서울특별시 구로구 경인로 643,도로파손,2023-05-31
2023-05-25,서울특별시 구로구 궁동 206-3,도로파손,2023-05-31
2023-05-26,서울특별시 구로구 개봉로1길 158,도로파손,2023-05-31
2023-05-29,서울특별시 구로구 남부순환로 1082-72,도로파손,2023-05-31
2023-05-29,서울특별시 구로구 구일로4길 65,도로파손,2023-05-31
2023-05-29,서울특별시 구로구 구일로 68,도로파손,2023-05-31
2023-05-30,서울특별시 구로구 고척로6길 22-2,도로파손,2023-05-31
2023-05-31,서울특별시 구로구 개봉로17길 90,도로파손,2023-05-31
